Author,Title,Content,Date,URL
Brett Dunlap,The Top 10 Movies of 2023 (So Far),"When reviewing my past publications, I was surprised to find that I‚Äôve never posted more than one film list in a calendar year before. That‚Ä¶","Nov 30, 2023",https://medium.com/@kingbdun/the-top-10-movies-of-2023-so-far-73dfc8918fe8?source=tag_archive---------0----------------------------
Trendtrove,A Deep Dive into Tech Trends 2023,,"Nov 30, 2023",https://medium.com/@FP./a-deep-dive-into-tech-trends-2023-49f5e1dc7459?source=tag_archive---------1----------------------------
Dulaxi's Top Independent Single of 2023,Dulaxi‚Äôs Top Indie Single of 2023,"As 2023 comes to an end, we start to reflect on the year, and for Dulaxi it has been a massive one. We‚Äôve strived to become one of the‚Ä¶","Nov 30, 2023",https://medium.com/@faithfullness/dulaxis-top-indie-single-of-2023-046be7819751?source=tag_archive---------2----------------------------
Cloud Coaching,Respeito: A Pedra Angular do Desenvolvimento Humano,,"Nov 30, 2023",https://medium.com/@cloudcoachingbr/respeito-a-pedra-angular-do-desenvolvimento-humano-01b075b19b2d?source=tag_archive---------3----------------------------
Carol Reed,Game Development Trends to Watch in 2023 and Beyond,"As we step into the future, the landscape of game development is evolving at an unprecedented pace. Here‚Äôs a glimpse into the trends‚Ä¶","Nov 30, 2023",https://medium.com/@carol.reed.597/game-development-trends-to-watch-in-2023-and-beyond-c1fc73fef60a?source=tag_archive---------4----------------------------
Nead,"Looking Back to 2023, Looking Forward to 2024","Unbelievably, I have so much to say about 2023.","Nov 30, 2023",https://medium.com/@just-pinocchio/looking-back-to-2023-looking-forward-to-2024-fa4605c0eff9?source=tag_archive---------5----------------------------
Cloud Coaching,Como confiar na vida e soltar para entrar no fluxo do Universo?,,"Nov 30, 2023",https://medium.com/@cloudcoachingbr/como-confiar-na-vida-e-soltar-para-entrar-no-fluxo-do-universo-b1d782263c4e?source=tag_archive---------6----------------------------
Courtanae Heslop,"Resilience, Reflection, and a Fragile Thread of Hope","November 23, 2023‚Äì2:08 pm","Nov 30, 2023",https://medium.com/@courtanaeheslop/resilience-reflection-and-a-fragile-thread-of-hope-6f7285dd8a2e?source=tag_archive---------7----------------------------
DCI Consulting,Navigating the Perilous Tide: End-of-Year Challenges in Leadership and Organizational Culture,"As the post-Thanksgiving season heralds the beginning of the end-of-year countdown, leaders in various sectors face a unique set of‚Ä¶","Nov 30, 2023",https://medium.com/@dciconsulting/navigating-the-perilous-tide-end-of-year-challenges-in-leadership-and-organizational-culture-ca4ab872e6b3?source=tag_archive---------8----------------------------
Sonpari123,Memorable Christmas Quotes: An Ultimate Collection for Your Festive Greeting Cards,There is something about Christmas that softens our hearts and makes us closer to the ones we adore. It‚Äôs the time of year when we reflect‚Ä¶,"Nov 30, 2023",https://medium.com/@soonpari1802/memorable-christmas-quotes-an-ultimate-collection-for-your-festive-greeting-cards-2055363c5d6a?source=tag_archive---------9----------------------------
Mezyana,What are the best action movies in 2023?,These are the best action films ever that 2023 has to offer thus far. The year has seen some incredible action films.,"Nov 30, 2023",https://medium.com/@mezyana580/what-are-the-best-action-movies-in-2023-6ebb2faa7358?source=tag_archive---------10----------------------------
George Titus,How I would spend my first Billion,If I was Bill Gates.,"Nov 30, 2023",https://medium.com/@georgetitus2004/how-i-would-spend-my-first-billion-a18d18705ba1?source=tag_archive---------11----------------------------
Frederico Costa,Celebrating 2023!,"It was a terrible year, I‚Äôm not going to lie. So, the best way to celebrate this year is not to talk about this year.","Nov 30, 2023",https://medium.com/@fredfc/celebrating-2023-dfb6545d5521?source=tag_archive---------12----------------------------
Beytullah Gurpinar,2023 Yƒ±lƒ± FinTech Sekt√∂r√º ƒ∞√ßin Nasƒ±l Ge√ßti? 2024'de Bizi Neler Bekliyor?,The Economist 2024 Cover : Source,"Nov 29, 2023",https://medium.com/@beytullah/2023-y%C4%B1l%C4%B1-fintech-sekt%C3%B6r%C3%BC-i%CC%87%C3%A7in-nas%C4%B1l-ge%C3%A7ti-2024de-bizi-neler-bekliyor-7fe6a2b01cce?source=tag_archive---------13----------------------------
Annabel Townsend,What books you‚Äôve been buying in 2023,Statistics?!,"Nov 29, 2023",https://medium.com/@townsendannabel/what-books-youve-been-buying-in-2023-859076edf76b?source=tag_archive---------14----------------------------
Ruth Glendinning,2023: Sending Souls Surging,From there to here,"Nov 29, 2023",https://medium.com/@guruth/2023-sending-souls-surging-7f4b3f81ebbd?source=tag_archive---------15----------------------------
≈ûimal √ñcek,2023'e Veda Ederken‚Ä¶,"Yeni yƒ±l heyecanƒ± ve tutkusunu Kasƒ±m ayƒ±na girdiƒüimizden beri i√ßinde ta≈üƒ±yan biri olarak, yƒ±l sonlarƒ± geldiƒüinde bol bol ge√ßirdiƒüimiz yƒ±l‚Ä¶","Nov 29, 2023",https://medium.com/@oceksimal/2023e-veda-ederken-4c3ae88daae6?source=tag_archive---------16----------------------------
Sonpari123,Heartwarming Short Christmas Quotes: The Essence of Holiday Spirit,"Holidays are not about the glitz; they are about the sentiments they stir, and nothing encapsulates these more than short Christmas quotes‚Ä¶","Nov 29, 2023",https://medium.com/@soonpari1802/heartwarming-short-christmas-quotes-the-essence-of-holiday-spirit-f94ab8374d9c?source=tag_archive---------17----------------------------
Giovanni Minelli,I already hate this first generation of pseudo-AI. Here‚Äôs why.,"This year has seen the release of ‚ÄúAI‚Äù tools to the general public, and these have already become the new buzzword. BUT AI tools could‚Ä¶","Nov 29, 2023",https://medium.com/predict/i-already-hate-this-first-generation-of-pseudo-ai-heres-why-19984a6560c6?source=tag_archive---------18----------------------------
Sonpari123,The Elegance of Words: Top 10 Merry Christmas Wishes for Loved Ones,"As the Christmas season approaches, we‚Äôre all eager to shower our loved ones with our warmest and most thoughtful Merry Christmas wishes‚Ä¶","Nov 29, 2023",https://medium.com/@soonpari1802/the-elegance-of-words-top-10-merry-christmas-wishes-for-loved-ones-cb969b49da38?source=tag_archive---------19----------------------------
Victor John Oh,"Final Sprint of 28,000 words for NanoWrimo 2023",The most amazing day of the year of 2023‚Ää‚Äî‚ÄäVic‚Äôs Daily Medium Journal,"Nov 28, 2023",https://medium.com/@victorjohnoh/final-sprint-of-28-000-words-for-nanowrimo-2023-325b2767944f?source=tag_archive---------20----------------------------
Sabakhan,How to Choose the Right Chatbot Platform for Your Business in 2023,,"Nov 28, 2023",https://medium.com/@sabakhan9233311/how-to-choose-the-right-chatbot-platform-for-your-business-in-2023-b236b30cfc64?source=tag_archive---------21----------------------------
Ruth Glendinning,2023: Rising Ever Higher,A soft revolution of unlimited grace,"Nov 28, 2023",https://medium.com/@guruth/2023-rising-ever-higher-4441716cf9bf?source=tag_archive---------22----------------------------
Cloud Coaching,Rumo √† Excel√™ncia: 3 chaves para uma mentalidade de crescimento e resultados extraordin√°rios,,"Nov 28, 2023",https://medium.com/@cloudcoachingbr/rumo-%C3%A0-excel%C3%AAncia-3-chaves-para-uma-mentalidade-de-crescimento-e-resultados-extraordin%C3%A1rios-70620cfd0835?source=tag_archive---------23----------------------------
My byline,Â¶ÇÊûúÁóõËã¶ÊúâÁõ°È†≠,„ÄåÊàêÂπ¥‰∫∫Ë¢´Â£ìÂûÆÁöÑ‰∏ÄÂàªÔºå‰∏çÊòØÂõ†ÁÇ∫‰∏Ä‰ª∂Â§ß‰∫ã„ÄÅËÄåÊòØÁî±ÁÑ°Êï∏‰ª∂Â∞è‰∫ã„ÄÇ„Äç,"Nov 28, 2023",https://medium.com/@somepiecesofme/%E5%A6%82%E6%9E%9C%E7%97%9B%E8%8B%A6%E6%9C%89%E7%9B%A1%E9%A0%AD-fa62ed5fbda6?source=tag_archive---------24----------------------------
Aman Crypto,Top 10 Crypto Trends in 2023,"As we enter 2023, a number of emerging trends in the cryptocurrency space warrant close attention.","Nov 28, 2023",https://medium.com/@shuumar48/top-10-crypto-trends-in-2023-5c2064830789?source=tag_archive---------25----------------------------
Victor John Oh,Victor‚Äôs NaNoWriMo 2023 Day 28,My WanderLust Angels Novel Journey,"Nov 28, 2023",https://medium.com/@victorjohnoh/victors-nanowrimo-2023-day-28-482c1f3ba917?source=tag_archive---------26----------------------------
Roshani Varpekar,Dear 2023‚Ä¶,"As we near the day to draw curtains on this year, I thought I should pen down at least one story for the year that was full of lost hopes‚Ä¶","Nov 28, 2023",https://medium.com/@roshanivarpekar/dear-2023-83ba6c2bccd2?source=tag_archive---------27----------------------------
Priya Sridhar,2023 Hat Tips,Little appreciations for this year,"Nov 27, 2023",https://medium.com/writers-blokke/2023-hat-tips-9f6d757a299a?source=tag_archive---------28----------------------------
Priya Sridhar,Doing Nanowrimo While Burned Out,Persuading the words to come out at the right time.,"Nov 27, 2023",https://medium.com/writers-blokke/doing-nanowrimo-while-burned-out-bee7f6489caf?source=tag_archive---------29----------------------------
Ruth Glendinning,2023: Becoming the Future,No longer apart from the mystery,"Nov 27, 2023",https://medium.com/@guruth/2023-becoming-the-future-67886e0828d7?source=tag_archive---------30----------------------------
OBSERVER | Tatev Galstyan,3 things to leave in 2023,"We are soon saying goodbye to the Chinese Rabbit year, and well, we are one year wiser. They say that growth also means letting go and they‚Ä¶","Nov 27, 2023",https://medium.com/@tatev.galstyan/3-things-to-leave-in-2023-4950d65986f6?source=tag_archive---------31----------------------------
Ruth Glendinning,2023: Becoming One,We are the sleeping seeds,"Nov 27, 2023",https://medium.com/@guruth/2023-becoming-one-ca65ce410171?source=tag_archive---------32----------------------------
iamdtms,"RSS sources 2023 [üá¨üáß, üá≠üá∫]",Let me share my current RSS sources here,"Nov 27, 2023",https://medium.com/@iamdtms/rss-sources-2023-bc3d1761d7d7?source=tag_archive---------33----------------------------
Krishna.D108,Unlocking iPhone Wealth: Simple Money-Making Tricks in 2023!‚Äù,,"Nov 27, 2023",https://medium.com/@jhulendradulal10/unlocking-iphone-wealth-simple-money-making-tricks-in-2023-b77a6a6d3304?source=tag_archive---------34----------------------------
Krishna.D108,Unlocking iPhone Wealth: Simple Money-Making Tricks in 2023!‚Äù,,"Nov 27, 2023",https://medium.com/@jhulendradulal10/unlocking-iphone-wealth-simple-money-making-tricks-in-2023-f0cfdd8ca568?source=tag_archive---------35----------------------------
Cloud Coaching,Efeito Domin√≥: Como Desencadear o Sucesso nos Neg√≥cios?,,"Nov 27, 2023",https://medium.com/@cloudcoachingbr/efeito-domin%C3%B3-como-desencadear-o-sucesso-nos-neg%C3%B3cios-cf12b4609ea2?source=tag_archive---------36----------------------------
Umer Waqas,What is the best AI social media automation tool in 2023?,"Social media is a powerful tool for marketing, branding, and engaging with your audience. However, managing multiple social media platforms‚Ä¶","Nov 27, 2023",https://medium.com/@umerwaqas/what-is-the-best-ai-social-media-automation-tool-in-2023-11567d3daa5e?source=tag_archive---------37----------------------------
QTUM Deutsch,Was ist ein Hard Fork?,"Die Blockchain-Technologie ver√§ndert unsere Vorstellungen von Daten, Sicherheit und dezentralen Systemen in einer Welt, in der sich die‚Ä¶","Nov 27, 2023",https://medium.com/@qtumdeutsch/what-is-a-hard-fork-fbf009ae4983?source=tag_archive---------38----------------------------
Aman Crypto,5 Best DeFi Projects & Coins to Buy in 2023,Introduction: Decentralized Finance (DeFi) has emerged as one of the most exciting and rapidly growing sectors in the cryptocurrency‚Ä¶,"Nov 27, 2023",https://medium.com/@shuumar48/5-best-defi-projects-coins-to-buy-in-2023-9a1172ca19f9?source=tag_archive---------39----------------------------
Ruth Glendinning,2023: Seeking the Way Home,The time has come to reclaim,"Nov 27, 2023",https://medium.com/@guruth/2023-seeking-the-way-home-4977902465e1?source=tag_archive---------40----------------------------
Kyle Leighton,4 Books That I Loved Reading In 2023,"From far away galaxies to financial crashes, these are the 4 books that I loved reading the most in 2023.","Nov 26, 2023",https://medium.com/@kyletleighton/4-books-that-i-loved-reading-in-2023-e0fd06cd0dc6?source=tag_archive---------41----------------------------
Atif Ali Shah,5 Cool Gadgets: My pick of the Top Gadgets of 2023,From Apple‚Äôs New Watch Ultra to Transparent Speakers,"Nov 26, 2023",https://medium.com/@Atif_Ali_Shah/5-cool-gadgets-my-pick-of-the-top-gadgets-of-2023-fcba3e8e81a9?source=tag_archive---------42----------------------------
BP Noeringtyas,Tugas Refleksi dari Bu Prani: Budi Pekerti (2023),Mula 1. Ngundhuh wohing pakarti (jawa),"Nov 26, 2023",https://medium.com/jula-juli/tugas-refleksi-dari-bu-prani-budi-pekerti-2023-a9a722847695?source=tag_archive---------43----------------------------
Ruth Glendinning,2023: Lighting Up the World,"Souls expanding, feeling our worth","Nov 26, 2023",https://medium.com/@guruth/2023-lighting-up-the-world-c14f314d955f?source=tag_archive---------44----------------------------
Jenny Gargarello,Rediscovering the Joy of Solitude,The journey from loneliness to the peace found in solitude,"Nov 25, 2023",https://medium.com/read-or-die/rediscovering-the-joy-of-solitude-4adffb6713bc?source=tag_archive---------45----------------------------
@purepono - Youtube Channel,‚Äî From Year 2023 To Year 2024 ‚Äî,"In the year 2023, the world was undergoing significant changes on multiple fronts‚Ää‚Äî‚Äätechnological advancements, environmental challenges‚Ä¶","Nov 25, 2023",https://medium.com/@purepono/from-year-2023-to-year-2024-1259d3fc7e3e?source=tag_archive---------46----------------------------
Benjamin Adler,Thanksgiving Thoughts For 2023,A Medium writer I follow hoped I had a good Thanksgiving this year. My heart warmed at the benign affectionate tone from a stranger who‚Ä¶,"Nov 25, 2023",https://medium.com/@BenMech/thanksgiving-thoughts-for-2023-32befe84e3e6?source=tag_archive---------47----------------------------
Ruth Glendinning,2023: Awakening Our Secret Hearts,"Like a river, the truth flows","Nov 25, 2023",https://medium.com/@guruth/2023-awakening-our-secret-hearts-3841c327edcc?source=tag_archive---------48----------------------------
Ayoola Kaffo,11 Important Lessons I Have Learned So Far This Year,I share 11 Life lessons I‚Äôve learned in 2023,"Nov 24, 2023",https://medium.com/@ayoolakaffo/11-important-lessons-i-have-learned-so-far-this-year-6531cd34ded4?source=tag_archive---------49----------------------------
Kandyce Hogan,THANKFUL ‚ù§,"As I prepare to step into this new chapter of 2024,I actually wanted to sit back and reflect on the year I had.My year was full of ups and‚Ä¶","Nov 24, 2023",https://medium.com/@Kandyce_Hogan/thankful-life-9ce957f3428d?source=tag_archive---------50----------------------------
Cloud Coaching,Equil√≠brio Emocional no Trabalho: Sua Import√¢ncia e Como Desenvolv√™-lo!,,"Nov 24, 2023",https://medium.com/@cloudcoachingbr/equil%C3%ADbrio-emocional-no-trabalho-sua-import%C3%A2ncia-e-como-desenvolv%C3%AA-lo-2cc599642d0b?source=tag_archive---------51----------------------------
Cloud Coaching,Lifelong Learning: A Chave para o Sucesso Profissional Cont√≠nuo!,,"Nov 24, 2023",https://medium.com/@cloudcoachingbr/lifelong-learning-a-chave-para-o-sucesso-profissional-cont%C3%ADnuo-0e32ca0e9851?source=tag_archive---------52----------------------------
169Pi,Why 2023 Became the Year of Next-Level Technology Value,"The world of technology is in a state of perpetual evolution, with each passing year bringing new breakthroughs and innovations. In the‚Ä¶","Nov 24, 2023",https://medium.com/@169pi/why-2023-became-the-year-of-next-level-technology-value-4f04409b6b9c?source=tag_archive---------53----------------------------
Junhyuk Jang,ÌñâÎ≥µÏùò ÎßêÎì§,Ï°∞Í∏à Ïù¥Î•∏ ÌöåÍ≥†,"Nov 24, 2023",https://medium.com/hyuk/%ED%96%89%EB%B3%B5%EC%9D%98-%EB%A7%90%EB%93%A4-8aaf7d3a2bac?source=tag_archive---------54----------------------------
Starting Y,"Reflecting on 2023: Challenges, Growth, and Hope for a Better Future","It has been quite some time since you heard last from Michelle and Joe, BUT this time is over. They get together to wrap up their 2023 and‚Ä¶","Nov 24, 2023",https://medium.com/startuprad-io/reflecting-on-2023-challenges-growth-and-hope-for-a-better-future-7c01a20a8457?source=tag_archive---------55----------------------------
GeekyAnts,"October 2023: Wrapped Up‚Ää‚Äî‚Ääthegeekconf, gluestack-ui v1.0, and Bollywood extravaganza!","Experience the excitement of October at GeekyAnts, from a major tech announcement to the debut of the gluestick-ui v1.0 and a vibrant‚Ä¶","Nov 24, 2023",https://medium.com/geekyants-blog/october-2023-wrapped-up-thegeekconf-gluestack-ui-v1-0-and-bollywood-extravaganza-d690730e5595?source=tag_archive---------56----------------------------
Rakesh Kumar,A Heartfelt Thank You: Happy Thanksgiving to My Amazing Followers!,Hey There! üåü,"Nov 23, 2023",https://medium.com/web-tech-journals/a-heartfelt-thank-you-happy-thanksgiving-to-my-amazing-followers-7733e597d490?source=tag_archive---------57----------------------------
SingularityNET Ambassadors,AIBC World Europe 2023 Highlights,Exploring the Synergy of AI and Blockchain,"Nov 23, 2023",https://medium.com/@singularitynetambassadors/aibc-world-europe-2023-highlights-9bb574f569fd?source=tag_archive---------58----------------------------
Cloud Coaching,Vendas com Leveza: Desafiando a Press√£o e Encerrando o Ano com Sucesso,,"Nov 23, 2023",https://medium.com/@cloudcoachingbr/vendas-com-leveza-desafiando-a-press%C3%A3o-e-encerrando-o-ano-com-sucesso-4ff94a012e79?source=tag_archive---------59----------------------------
Ruth Glendinning,2023: A Thanksgiving Prayer,"Originally written to honor my late husband, Keith, in 2021 as I was preparing to join his family for Thanksgiving, reading this poem has‚Ä¶","Nov 23, 2023",https://medium.com/@guruth/2023-a-thanksgiving-prayer-5f24e295fb2d?source=tag_archive---------60----------------------------
Aman Crypto,Bitcoin Predictions for the Second Half of 2023,Introduction,"Nov 23, 2023",https://medium.com/@shuumar48/bitcoin-predictions-for-the-second-half-of-2023-5e0ca1c52b58?source=tag_archive---------61----------------------------
Matthis Rousselle,Considering Minimalism: A Wise Choice for 2023?,"As an UX/UI Designer deeply immersed in the realms of personal development, I‚Äôve delved into the intricacies of minimalism, exploring its‚Ä¶","Nov 23, 2023",https://medium.com/design-bootcamp/considering-minimalism-a-wise-choice-for-2023-b2a399dc62a5?source=tag_archive---------62----------------------------
@TheNamesNotJane,So i moved (again).,HAPPY THANKSGIVING!,"Nov 23, 2023",https://medium.com/@thenamesnotjane/so-i-moved-again-afe8fcf70b3b?source=tag_archive---------63----------------------------
Ruth Glendinning,2023: Releasing All We Are Not,To lift each other after the fall,"Nov 22, 2023",https://medium.com/@guruth/2023-releasing-all-we-are-not-a5ef8c79d6bb?source=tag_archive---------64----------------------------
Cloud Coaching,Confian√ßa √© tudo em qualquer situa√ß√£o,,"Nov 22, 2023",https://medium.com/@cloudcoachingbr/confian%C3%A7a-%C3%A9-tudo-em-qualquer-situa%C3%A7%C3%A3o-83bf3986eef5?source=tag_archive---------65----------------------------
Indra Tor,My review of my 2023,"I haven‚Äôt blogged in a while, so I thought about doing one to review the year. So, this is my blog to cover the year that was 2023. Let‚Äôs‚Ä¶","Nov 22, 2023",https://medium.com/@indrator/my-review-of-my-2023-df6d40d2d477?source=tag_archive---------66----------------------------
Shrihari Murali,Key Concepts and Best Practices of React in 2023,"React.js, the JavaScript library for building user interfaces, has seen remarkable growth and evolution over the years. As of 2023‚Ä¶","Nov 22, 2023",https://medium.com/stackademic/key-concepts-and-best-practices-of-react-in-2023-d7f7224052d0?source=tag_archive---------67----------------------------
jackie,The Hold The Holdovers Has on Me,"When I downloaded Letterboxd this summer, I decided to note whether or not I cried during the film I‚Äôd seen. I‚Äôve always been a‚Ä¶","Nov 22, 2023",https://medium.com/@herefornow/the-hold-the-holdovers-has-on-me-ab8cce022bb4?source=tag_archive---------68----------------------------
Ruth Glendinning,2023: Turning Night to Day,Each step sure and essential,"Nov 21, 2023",https://medium.com/@guruth/2023-turning-night-to-day-096ea1c3d0ad?source=tag_archive---------69----------------------------
Cloud Coaching,C√©rebro e Mente: Existe diferen√ßa entre eles e quais s√£o?,,"Nov 21, 2023",https://medium.com/@cloudcoachingbr/c%C3%A9rebro-e-mente-existe-diferen%C3%A7a-entre-eles-e-quais-s%C3%A3o-01b0995cca6b?source=tag_archive---------70----------------------------
Garywilliamson,The Pneuslove Owners Club: Embracing the Future of Tire Ownership,The Pneuslove Owners Club: Embracing the Future of Tire Ownership,"Nov 21, 2023",https://medium.com/@garywilliamson_84890/the-pneuslove-owners-club-embracing-the-future-of-tire-ownership-f87ed6028280?source=tag_archive---------71----------------------------
Mudit Biala,The Best Black Friday Deals 2023,,"Nov 21, 2023",https://medium.com/illumination/the-best-black-friday-deals-2023-ae3a4e8c3473?source=tag_archive---------72----------------------------
Reece Beckett,Review: Knock at the Cabin is (another) Great M. Night Shyamalan Thriller,One of the most overlooked contemporary directors delivers quality suspense,"Nov 21, 2023",https://medium.com/counterarts/review-knock-at-the-cabin-is-another-great-m-night-shyamalan-thriller-6c4625e45a99?source=tag_archive---------73----------------------------
Ruth Glendinning,2023: Rising Up With Joy,To share their light with the world,"Nov 21, 2023",https://medium.com/@guruth/2023-rising-up-with-joy-a746d6a38783?source=tag_archive---------74----------------------------
Fhen Kaye,Are You Okay?,an autobio short comic by Fhen,"Nov 20, 2023",https://medium.com/@fhenytheartist/are-you-okay-92c5e69986ad?source=tag_archive---------75----------------------------
B√º≈üra ESKƒ∞YURT,Yetkin Gen√ßler 2023 Zirvesi,"19 Kasƒ±m 2023 tarihinde #Ge√ßmi≈ütenƒ∞lhamGeleceƒüeUmut mottosu ile ger√ßekle≈üen Yetkin Gen√ßler 2023 Zirvesi, benim i√ßin sadece bir etkinlik‚Ä¶","Nov 20, 2023",https://medium.com/@busraeskiyurt/yetkin-gen%C3%A7ler-2023-zirvesi-2724ee200552?source=tag_archive---------76----------------------------
MacSources,ETOOLAB Rotary Polisher 2023 REVIEW‚Ää‚Äî‚ÄäMacSources,Experience advanced car detailing with the ETOOLAB Rotary Polisher.,"Nov 20, 2023",https://medium.com/@macsources/etoolab-rotary-polisher-2023-review-macsources-65b6fe5f2830?source=tag_archive---------77----------------------------
Courtanae Heslop,Yearning for Tranquility: Navigating 2023‚Äôs Challenges and the Search for Inner Peace,"November 20, 2023‚Äì12:57 pm","Nov 20, 2023",https://medium.com/@courtanaeheslop/yearning-for-tranquility-navigating-2023s-challenges-and-the-search-for-inner-peace-e79ca5fd54c4?source=tag_archive---------78----------------------------
Cloud Coaching,Black Friday: Entre o Caos e a Divers√£o Financeira,,"Nov 20, 2023",https://medium.com/@cloudcoachingbr/black-friday-entre-o-caos-e-a-divers%C3%A3o-financeira-5512042a0b67?source=tag_archive---------79----------------------------
Sriranjani Rangarajan(Meera),23 things that are absolutely noteworthy for YOU in 2023! ‚ù§,There‚Äôs no such thing as right or wrong for most of the things in life. Experiment. Stop what doesn‚Äôt work. Continue what makes you happy‚Ä¶,"Nov 20, 2023",https://medium.com/@sriranjanirajan/23-things-that-are-absolutely-noteworthy-for-you-in-2023-4f87d327a7e5?source=tag_archive---------80----------------------------
Cloud Coaching,2024 para todos: A√ß√µes simples para o seu planejamento,,"Nov 20, 2023",https://medium.com/@cloudcoachingbr/2024-para-todos-a%C3%A7%C3%B5es-simples-para-o-seu-planejamento-89e7d1fad7b6?source=tag_archive---------81----------------------------
Maryam Fatima,"Secrets of Success: A Five-Step Guide to Earning $10,000/Month in 2023","In the ever-evolving digital landscape, finding a profitable business strategy can be challenging. This blog introduces an untapped model‚Ä¶","Nov 20, 2023",https://medium.com/@fatimamaryam443/secrets-of-success-a-five-step-guide-to-earning-10-000-month-in-2023-55f3712a6343?source=tag_archive---------82----------------------------
Shahidaafshan,Miss Nicaragua Wins 2023 Miss Universe Pageant,A Historic Victory,"Nov 20, 2023",https://medium.com/@shahidaafshan886/miss-nicaragua-wins-2023-miss-universe-pageant-56ab785d97a6?source=tag_archive---------83----------------------------
Ruth Glendinning,2023: Holding the Beauty,This is an invitation,"Nov 19, 2023",https://medium.com/@guruth/2023-holding-the-beauty-fc47d03db0c9?source=tag_archive---------84----------------------------
TrendyRipple,International Men‚Äôs Day 2023: Celebrating the Positive Value of Men and Addressing Their Well-being,The Significance of International Men‚Äôs Day International Men‚Äôs Day holds significant value in today‚Äôs society. It serves as a platform to:,"Nov 19, 2023",https://medium.com/@trendyripplehub/international-mens-day-2023-celebrating-the-positive-value-of-men-and-addressing-their-well-being-a284eb3688ec?source=tag_archive---------85----------------------------
Ruth Glendinning,2023: Blessing Each Other,Each moment a miracle,"Nov 19, 2023",https://medium.com/@guruth/2023-blessing-each-other-1caa9f39d2cb?source=tag_archive---------86----------------------------
Ruth Glendinning,2023: Learning the Stories,Follow your souls and take the leap,"Nov 18, 2023",https://medium.com/@guruth/2023-learning-the-stories-aa0dec22f98d?source=tag_archive---------87----------------------------
Dawn D'Amico,"Dawn Finds Deals: Pennsbury School District Bucks County, Pennsylvania [November 2023]",[If you want to see the pictures and details of these homes on the MLS then watch my video at the bottom of this page.],"Nov 17, 2023",https://medium.com/@dawn.damico/dawn-finds-deals-pennsbury-school-district-bucks-county-pennsylvania-november-2023-f0d6bf70bdcc?source=tag_archive---------88----------------------------
Cloud Coaching,O conjunto The Beatles acabou. Vida Longa ao The Beatles!,,"Nov 17, 2023",https://medium.com/@cloudcoachingbr/o-conjunto-the-beatles-acabou-vida-longa-ao-the-beatles-39addce7f0ef?source=tag_archive---------89----------------------------
Aman Crypto,The top cryptocurrencies to invest in in 2023.,"Best Cryptocurrency Investments for 2023‚Ää‚Äî‚ÄäMany people in India are now preferring to trade in cryptocurrency. India‚Äôs youth, in‚Ä¶","Nov 17, 2023",https://medium.com/@shuumar48/the-top-cryptocurrencies-to-invest-in-in-2023-416bd27eae11?source=tag_archive---------90----------------------------
Dylan,The Best AI Tools For Daily Use In 2023,Discover the top AI tools that will revolutionize your daily tasks in 2023. These user-friendly and powerful tools are designed to enhance‚Ä¶,"Nov 17, 2023",https://medium.com/@dylan_ww/the-best-ai-tools-for-daily-use-in-2023-0dcb65f47606?source=tag_archive---------91----------------------------
Shin Khant Maung,·ÅÇ·ÅÄ·ÅÇ·ÅÉ ·ÄÅ·ÄØ·Äî·Äæ·ÄÖ·Ä∫·Ä°·Äê·ÄΩ·ÄÑ·Ä∫·Ä∏ ·Ä°·Äû·ÄØ·Ä∂·Ä∏·Äô·Äª·Ä¨·Ä∏·ÄÅ·Ä≤·Ä∑·Äê·Ä≤·Ä∑ tools ·Äô·Äª·Ä¨·Ä∏,,"Nov 17, 2023",https://medium.com/@shinkhantmaungs/%E1%81%82%E1%81%80%E1%81%82%E1%81%83-%E1%80%81%E1%80%AF%E1%80%94%E1%80%BE%E1%80%85%E1%80%BA%E1%80%A1%E1%80%90%E1%80%BD%E1%80%84%E1%80%BA%E1%80%B8-%E1%80%A1%E1%80%9E%E1%80%AF%E1%80%B6%E1%80%B8%E1%80%99%E1%80%BB%E1%80%AC%E1%80%B8%E1%80%81%E1%80%B2%E1%80%B7%E1%80%90%E1%80%B2%E1%80%B7-tools-%E1%80%99%E1%80%BB%E1%80%AC%E1%80%B8-a865724972e5?source=tag_archive---------92----------------------------
Ruth Glendinning,2023: Telling the Story,Of the unquestionable truth,"Nov 16, 2023",https://medium.com/@guruth/2023-telling-the-story-ed87c38cab6e?source=tag_archive---------93----------------------------
Amy Rose,2023 -/,I wish I could tell you that this year has been filled with wondrous moments wrapped in beautiful people and unforgettable glimpses of‚Ä¶,"Nov 16, 2023",https://medium.com/@amy-dixon-official/2023-dcdc44080907?source=tag_archive---------94----------------------------
Abbas,"Tarot Cards reading for Libra from November 15th to November 30th, 2023:",Overall Energy: The reading reveals a mix of challenges and desires. The Nine of Cups at the center indicates a wish that hasn‚Äôt yet come‚Ä¶,"Nov 16, 2023",https://medium.com/@faroozpkk/tarot-cards-reading-for-libra-from-november-15th-to-november-30th-2023-1613d9a9425b?source=tag_archive---------95----------------------------
Beatriz Oliveira,Como come√ßar a utilizar o Elastic no Microsoft Azure,"√â poss√≠vel contratar e utilizar o Elasticsearch como SaaS atrav√©s do Marketplace do Microsoft Azure. Para isso, voc√™ pode seguir os‚Ä¶","Nov 16, 2023",https://medium.com/sysadminas/como-come%C3%A7ar-a-utilizar-o-elastic-no-microsoft-azure-c5df0728f6fb?source=tag_archive---------96----------------------------
Ruth Glendinning,2023: Hinting at the Secrets,Carried in from the deep,"Nov 16, 2023",https://medium.com/@guruth/2023-hinting-at-the-secrets-7acfe5d79215?source=tag_archive---------97----------------------------
BOOKS ADDA,Unveiling ‚ÄúThe Enigmatic Journey of Desires‚Äù,"In this enthralling narrative, we traverse the intricate paths of human desires, skillfully exploring the delicate equilibrium between‚Ä¶","Nov 15, 2023",https://medium.com/@sivaphaneendra2004/unveiling-the-enigmatic-journey-of-desires-576199805c78?source=tag_archive---------98----------------------------
john tsantalis,Influencers: 7 Platforms to Find Top Influencers for Your Business,Collaborating with influencers can be a game-changer for businesses looking to expand their reach and connect with their target audience.,"Nov 15, 2023",https://medium.com/@johntsantalis/influencers-7-platforms-to-find-top-influencers-for-your-business-94d5de7c3f6b?source=tag_archive---------99----------------------------
Beatriz Oliveira,Erros que voc√™ pode evitar ao migrar para a cloud,Fazer a utiliza√ß√£o da computa√ß√£o em nuvem √© um processo que tem se tornado cada vez mais comum para empresas devido √†s suas v√°rias‚Ä¶,"Nov 15, 2023",https://medium.com/sysadminas/erros-que-voc%C3%AA-pode-evitar-ao-migrar-para-a-cloud-ecd37c784e1?source=tag_archive---------100----------------------------
Cloud Coaching,O Potencial Positivo dos Limites,,"Nov 15, 2023",https://medium.com/@cloudcoachingbr/o-potencial-positivo-dos-limites-85106b9b9347?source=tag_archive---------101----------------------------
J. Godman,"Women, Careers and the Pursuit of Equality","An article about women, sharks and dragons in 2023.","Nov 15, 2023",https://medium.com/@denise_henseler/women-careers-and-the-pursuit-of-equality-1ef751d24049?source=tag_archive---------102----------------------------
Sobanan,Preparing for 2024 now,"Waiting until New Year to make transformative changes is a fool‚Äôs game. It doesn‚Äôt matter how much you wish for change, the only thing that‚Ä¶","Nov 15, 2023",https://medium.com/@Sobanan/preparing-for-2024-now-afd962a2b129?source=tag_archive---------103----------------------------
ingles,Building The Home Bar,The Year Of It \\,"Nov 15, 2023",https://medium.com/@gonzoangeles1984/building-the-home-bar-b83479836553?source=tag_archive---------104----------------------------
Ruth Glendinning,2023: Following the Wisdom,Taking direction from the flowers,"Nov 14, 2023",https://medium.com/@guruth/2023-following-the-wisdom-618004cd9e94?source=tag_archive---------105----------------------------
Cloud Coaching,Conte√∫do de Valor e Crescimento Org√¢nico: A Jornada de Uma M√£e no Marketing Digital,,"Nov 14, 2023",https://medium.com/@cloudcoachingbr/conte%C3%BAdo-de-valor-e-crescimento-org%C3%A2nico-a-jornada-de-uma-m%C3%A3e-no-marketing-digital-612c44df6929?source=tag_archive---------106----------------------------
Cloud Coaching,Trabalhar para Ser Feliz: Como Lidar com a Questionadora Gera√ß√£o Z?,,"Nov 14, 2023",https://medium.com/@cloudcoachingbr/trabalhar-para-ser-feliz-como-lidar-com-a-questionadora-gera%C3%A7%C3%A3o-z-f4c68a57e42a?source=tag_archive---------107----------------------------
Ruth Glendinning,2023: Entering This State of Grace,With a prayer each soul lifts,"Nov 13, 2023",https://medium.com/@guruth/2023-entering-this-state-of-grace-aa89b99f5173?source=tag_archive---------108----------------------------
Ruth Glendinning,2023: Expanding With Faith,Allowing the truth to root and rise,"Nov 13, 2023",https://medium.com/@guruth/2023-expanding-with-faith-838123233a94?source=tag_archive---------109----------------------------
Cloud Coaching,O Cont√™iner das Emo√ß√µes: Voc√™ sabe o que se passa em seu inconsciente?,,"Nov 13, 2023",https://medium.com/@cloudcoachingbr/o-cont%C3%AAiner-das-emo%C3%A7%C3%B5es-voc%C3%AA-sabe-o-que-se-passa-em-seu-inconsciente-783f87f4a172?source=tag_archive---------110----------------------------
Bharathi Monika Venkatesan,UN Women Empowers Women Entrepreneurs in Kazakhstan with Groundbreaking Expo,"UN Women orchestrated the Women‚Äôs Entrepreneurship Satellite EXPO 2023 in Astana, Kazakhstan, drawing together a powerful assembly of over‚Ä¶","Nov 13, 2023",https://medium.com/@bharathimonikavenkatesan/un-women-empowers-women-entrepreneurs-in-kazakhstan-with-groundbreaking-expo-9ebb45b2b313?source=tag_archive---------111----------------------------
Fifth Beat,Qual √® un progetto che non hai fatto tu e che ti ha dato ispirazione?,Un progetto ben fatto √® sempre fonte di ispirazione e ricarica positiva per chi ogni giorno prova a cambiare le cose lavorando per il bene‚Ä¶,"Nov 13, 2023",https://medium.com/fifthbeat/qual-%C3%A8-un-progetto-che-non-hai-fatto-tu-e-che-ti-ha-dato-ispirazione-4dc81f40515d?source=tag_archive---------112----------------------------
Ian Pauken,Notes on ‚ÄòPriscilla‚Äô,Directed by Sofia Coppola,"Nov 13, 2023",https://medium.com/@ianpauken/notes-on-priscilla-3ee2b20d3da9?source=tag_archive---------113----------------------------
Kevin Finnerty,Crypto Bull Run of November 2023: A Surge in Digital Currency,"In November 2023, the cryptocurrency market witnessed a significant bull run, marking a period of rapid growth and heightened investor‚Ä¶","Nov 12, 2023",https://medium.com/@Kevin_Finnerty_Gabagool/crypto-bull-run-of-november-2023-a-surge-in-digital-currency-bd2ca29fa210?source=tag_archive---------114----------------------------
Dingo,Saffron Weekly (11/12/23),What‚Äôs new for the month of November.,"Nov 12, 2023",https://medium.com/saffron-finance/saffron-weekly-11-12-23-d8bca3e002a9?source=tag_archive---------115----------------------------
Muhammad Mohsin Abbas,Digital Marketing Trends to Keep an Eye on in 2023: Managing the Changing Environment,Success in the rapidly evolving field of digital marketing depends on remaining one step ahead of the competition. A number of trends are‚Ä¶,"Nov 11, 2023",https://medium.com/@mohsin_abbas/digital-marketing-trends-to-keep-an-eye-on-in-2023-managing-the-changing-environment-de0d2cd7028c?source=tag_archive---------116----------------------------
Laura Bell,Ayodhya Deepotsav 2023: A Spectacular Festival of Lights,Introduction:,"Nov 11, 2023",https://medium.com/@abhinabapatra32/ayodhya-deepotsav-2023-a-spectacular-festival-of-lights-40a298e8248b?source=tag_archive---------117----------------------------
Manish Pillai,Reflecting on 2023: People Who Shaped Your Year,"As the year draws to a close, many of us find ourselves reflecting on the journey we‚Äôve embarked upon, the lessons learned, and the people‚Ä¶","Nov 11, 2023",https://medium.com/@pillaimanish/reflecting-on-2023-people-who-shaped-your-year-777257b8c8d2?source=tag_archive---------118----------------------------
Ruth Glendinning,2023: Holding the Power,We are the answers,"Nov 11, 2023",https://medium.com/@guruth/2023-holding-the-power-347279da6402?source=tag_archive---------119----------------------------
Wyatt Tomlin,We Had a Very Good Night Last Tuesday,"Hello everyone! 16-year-old Democratic activist, Wyatt Tomlin from the state of Ohio here! I just wanted to deep-dive into the very‚Ä¶","Nov 10, 2023",https://medium.com/@WyattTomlin/we-had-a-very-good-night-last-tuesday-3d91bc53587a?source=tag_archive---------120----------------------------
Ruth Glendinning,2023: Embracing the World,Our soul‚Äôs voice reverential,"Nov 10, 2023",https://medium.com/@guruth/2023-embracing-the-world-655e765e056d?source=tag_archive---------121----------------------------
Ona Tamara,TIME‚Äôs Magazine The Best Inventions of 2023,"The diverse innovations of 2023 spanning healthcare, design, robotics, green initiatives, and more.","Nov 10, 2023",https://medium.com/@onatamara/times-magazine-the-best-inventions-of-2023-e2785fccf7d0?source=tag_archive---------122----------------------------
LucasKleinFidelity,The USA‚Äôs Favorite Sport in 2023,Sports play a pivotal role in shaping American culture and identity. From the beloved tradition of American football to a wide range of‚Ä¶,"Nov 10, 2023",https://medium.com/@lucaskleinus/the-usas-favorite-sport-in-2023-d2bada2a687a?source=tag_archive---------123----------------------------
Donagh McClafferty,Saluting the Longest Serving Premier League Managers,"In the fast-paced world of football, where managerial changes are common, it is truly remarkable to find those exceptional individuals who‚Ä¶","Nov 10, 2023",https://medium.com/@donaghmcclafferty/saluting-the-longest-serving-premier-league-managers-3f6d2b1b4ddd?source=tag_archive---------124----------------------------
Donagh McClafferty,Top Premier League Players Of This Year,Get ready to discover the top Premier League players of this year. These exceptional athletes have been heating up the football pitch with‚Ä¶,"Nov 10, 2023",https://medium.com/@donaghmcclafferty/top-premier-league-players-of-this-year-652dc953c405?source=tag_archive---------125----------------------------
Appinventiv Insider,Top AR VR App Development Companies 2023,Are you in search of the leading AR and VR app development companies assisting businesses to gain a competitive edge by enhancing business‚Ä¶,"Nov 10, 2023",https://medium.com/@appinventivinsider/top-ar-vr-app-development-companies-2023-8df90abe63a7?source=tag_archive---------126----------------------------
Appinventiv Insider,Top ERP Software Development Companies in USA-2023,"Enterprise Resource Planning (ERP) software has become an essential tool for businesses of all sizes. It streamlines operations, improves‚Ä¶","Nov 10, 2023",https://medium.com/@appinventivinsider/top-erp-software-development-companies-in-usa-2023-8bed5fba554e?source=tag_archive---------127----------------------------
Ruth Glendinning,2023: Inspiring the Story,And share what we are seeing,"Nov 10, 2023",https://medium.com/@guruth/2023-inspiring-the-story-9967df683d62?source=tag_archive---------128----------------------------
john tsantalis,Graphic Design: 9 Tips to Improve Your Social Media Design,Social media and graphic design are a powerful combination. Creating visually appealing social media posts is crucial.,"Nov 9, 2023",https://medium.com/@johntsantalis/graphic-design-9-tips-to-improve-your-social-media-design-26770bfc1be0?source=tag_archive---------129----------------------------
Hillary Felicidade,Learnings of August,I wrote this in the middle of August.,"Nov 9, 2023",https://medium.com/@hillaryfelicidade/learnings-of-august-38407a774ac7?source=tag_archive---------130----------------------------
Cloud Coaching,Principais Tend√™ncias de RH: O que esperar em 2024?,,"Nov 9, 2023",https://medium.com/@cloudcoachingbr/principais-tend%C3%AAncias-de-rh-o-que-esperar-em-2024-e1f37a11cf0a?source=tag_archive---------131----------------------------
Cloud Coaching,"Nossa biografia humana: Oitavo Set√™nio, fase dos 49 aos 56 anos",,"Nov 9, 2023",https://medium.com/@cloudcoachingbr/nossa-biografia-humana-oitavo-set%C3%AAnio-fase-dos-49-aos-56-anos-0a10318a90d2?source=tag_archive---------132----------------------------
Parth Dasawant,GitHub Universe 2023 Opening Keynote Summary,Revolutionising Development with AI-Powered Tools,"Nov 9, 2023",https://medium.com/@parthdasawant/github-universe-2023-opening-keynote-summary-23da4cd0fb9f?source=tag_archive---------133----------------------------
Cloud Coaching,BPs: Apoio em A√ß√µes para Melhorar o Clima Organizacional e a Gest√£o de Conflitos,,"Nov 9, 2023",https://medium.com/@cloudcoachingbr/bps-apoio-em-a%C3%A7%C3%B5es-para-melhorar-o-clima-organizacional-e-a-gest%C3%A3o-de-conflitos-1eb57bcbbc37?source=tag_archive---------134----------------------------
kanwal ibad,7 Best Tools of 2023,"Hey there! Guess what‚Äôs stealing the spotlight on our blog today? Yep, you got it‚Ää‚Äî‚Ääthe hottest AI tools of 2023!","Nov 9, 2023",https://medium.com/@kanwalibad/7-best-tools-of-2023-195d25416472?source=tag_archive---------135----------------------------
Thabiso Kgabung,Women In Marketing 2023 Edition ft. Nicole Manana,"For this segment of Women In Marketing, we chat with Brand Strategy Manager, Nicole Manana. She shares her personal and professional‚Ä¶","Nov 9, 2023",https://medium.com/women-in-marketing-interviews/women-in-marketing-2023-edition-ft-nicole-manana-78d8b515048f?source=tag_archive---------136----------------------------
Vladimir Jovanoviƒá,Exciting Frontend Innovations in 2023,"In the dynamic world of frontend development, 2023 promises to be a year filled with groundbreaking innovations. As technology advances at‚Ä¶","Nov 8, 2023",https://medium.com/@vladapnpmf/exciting-frontend-innovations-in-2023-ac22d49fa592?source=tag_archive---------137----------------------------
Ruth Glendinning,2023: Sharing the Truths,Finding light in the shadow,"Nov 8, 2023",https://medium.com/@guruth/2023-sharing-the-truths-df84c2176c7c?source=tag_archive---------138----------------------------
Cloud Coaching,O Futuro do Presente: A Import√¢ncia de Equilibrar Nossas Atitudes em Rela√ß√£o ao Futuro,,"Nov 8, 2023",https://medium.com/@cloudcoachingbr/o-futuro-do-presente-a-import%C3%A2ncia-de-equilibrar-nossas-atitudes-em-rela%C3%A7%C3%A3o-ao-futuro-be61cc555343?source=tag_archive---------139----------------------------
John Hua,Daily Dividends: 11.08.2023,Daily Dividends Series 012.,"Nov 8, 2023",https://medium.com/@johnhuatech/daily-dividends-11-08-2023-4f085d58b2cc?source=tag_archive---------140----------------------------
Beachesandsea,Top 10 Christmas Stocking Fillers for 2023: A Festive Forecast,"As the festive season approaches, excitement builds for the twinkling lights, heart-warming carols, and the joy of gift-giving. While major‚Ä¶","Nov 8, 2023",https://medium.com/@beachesandsea/top-10-christmas-stocking-fillers-for-2023-a-festive-forecast-8c770d47e552?source=tag_archive---------141----------------------------
Rariuxm,Why Is Fortnite My Favorite Game,"Fortnite, a renowned battle royale game, traces its origins back to 2011. However, it made a significant announcement in 2017 with the‚Ä¶","Nov 7, 2023",https://medium.com/@irondiegostark/why-is-fortnite-my-favorite-game-562780aa623b?source=tag_archive---------142----------------------------
Manu Messias,Eu sei o que Voc√™ fez no Carnaval Passado,"Eu sei que voc√™ colocou para fora toda a vontade guardada, que estava acumulada durante todo o per√≠odo da pandemia. Aquela vontade imensa‚Ä¶","Nov 7, 2023",https://medium.com/@manuoumessias/eu-sei-o-que-voc%C3%AA-fez-no-carnaval-passado-f307e2c57da5?source=tag_archive---------143----------------------------
Center for Cooperative Media,"Race to replace Madden in redrawn 4th District may be close, experts say",By Janel ‚ÄúJaycee‚Äù Miller,"Nov 7, 2023",https://medium.com/centerforcooperativemedia/race-to-replace-madden-in-redrawn-4th-district-may-be-close-experts-say-eadbfe639e3c?source=tag_archive---------144----------------------------
Center for Cooperative Media,Immigrants expect better opportunities from legislators for legal status,"By Maricarmen Amado, New Jersey Hispano","Nov 7, 2023",https://medium.com/centerforcooperativemedia/immigrants-expect-better-opportunities-from-legislators-for-legal-status-f40fc662e2c8?source=tag_archive---------145----------------------------
Center for Cooperative Media,District 5 Senate has Cruz-Perez in rematch with Cook,"By Neill Borowski, 70and73.com","Nov 7, 2023",https://medium.com/centerforcooperativemedia/district-5-senate-has-cruz-perez-in-rematch-with-cook-042c5c973b70?source=tag_archive---------146----------------------------
Harpreet Singh,Taking the World Cup by Storm: India‚Äôs Winning Streak in 2023,"The 2023 Cricket World Cup has been nothing short of a galactic display of talent, skill, and sheer determination from the Indian national‚Ä¶","Nov 7, 2023",https://medium.com/@harpreetsingh615/taking-the-world-cup-by-storm-indias-winning-streak-in-2023-95ce06f5ab45?source=tag_archive---------147----------------------------
Cloud Coaching,"TED: Uma s√©rie imperd√≠vel de palestras, vai ficar de fora?",,"Nov 7, 2023",https://medium.com/@cloudcoachingbr/ted-uma-s%C3%A9rie-imperd%C3%ADvel-de-palestras-vai-ficar-de-fora-efc60cd10584?source=tag_archive---------148----------------------------
Ruth Glendinning,2023: Lighting Up Their Inner World,Illuminating who else they are,"Nov 6, 2023",https://medium.com/@guruth/2023-lighting-up-their-inner-world-6bc4f2d9c3f2?source=tag_archive---------149----------------------------
Cloud Coaching,O Poder da ‚ÄúEmpatia Sist√™mica‚Äù: Uma Habilidade que Favorece a Obten√ß√£o de uma Paz Profunda e‚Ä¶,"Descubra como a empatia sist√™mica pode transformar a gest√£o de conflitos e mediar rela√ß√µes, promovendo uma paz duradoura e eficaz em‚Ä¶","Nov 6, 2023",https://medium.com/@cloudcoachingbr/o-poder-da-empatia-sist%C3%AAmica-uma-habilidade-que-favorece-a-obten%C3%A7%C3%A3o-de-uma-paz-profunda-e-89cda471690b?source=tag_archive---------150----------------------------
Nathaniel Rego,The Devil on Trial‚Ää‚Äî‚ÄäREVIEW,Demonly Influenced to Enact Murder!,"Nov 6, 2023",https://medium.com/@natrego1992/the-devil-on-trial-review-89f6a0f2bb9d?source=tag_archive---------151----------------------------
Korshub Marketing,2023 SQL Bootcamp: Transform from Zero to Hero in SQL with Our Complete Training Program,you ready to embark on a transformative journey from being a novice to a SQL hero? The 2023 SQL Bootcamp is here to help you achieve just‚Ä¶,"Nov 6, 2023",https://medium.com/@korshubmarketing/2023-sql-bootcamp-transform-from-zero-to-hero-in-sql-with-our-complete-training-program-213d97fb5e18?source=tag_archive---------152----------------------------
BodyZen,Fitness Trends in 2023: What‚Äôs New and What‚Äôs Worth Trying,"Hello there, my fitness-loving friends! It‚Äôs that time of the year when we dive into the world of fitness trends to discover what‚Äôs making‚Ä¶","Nov 6, 2023",https://medium.com/@BozyZen/fitness-trends-in-2023-whats-new-and-what-s-worth-trying-35bf7710ee9d?source=tag_archive---------153----------------------------
Ozioma Okafor,October: a good month was had.,~ mirror girlie,"Nov 6, 2023",https://medium.com/@okaforoziomae/october-a-good-month-was-had-177623bfe0cf?source=tag_archive---------154----------------------------
Ka Thao,Navigating 2023: What‚Äôs Next?,"As we zoom in on the end of 2023, we‚Äôre down to just 56 days left‚Ää‚Äî‚Ääyeah, I actually counted them. I mean, sure, I could‚Äôve just Googled‚Ä¶","Nov 6, 2023",https://medium.com/@discoveringka/navigating-2023-whats-next-a753fa76d249?source=tag_archive---------155----------------------------
Ruth Glendinning,2023: Declaring Ourselves,Changing the world with beauty,"Nov 5, 2023",https://medium.com/@guruth/2023-declaring-ourselves-f3aa45045a93?source=tag_archive---------156----------------------------
Ian Pauken,Notes on Old Dads (2023),Directed by and Starred by: Bill Burr,"Nov 5, 2023",https://medium.com/@ianpauken/notes-on-old-dads-2023-93201a5782f8?source=tag_archive---------157----------------------------
Mitchell Brown,First Viewings of 2023‚Ää‚Äî‚ÄäOctober,304 DAYS IN / 400 FILMS WATCHED,"Nov 5, 2023",https://medium.com/@mitchbrown98/first-viewings-of-2023-october-9521e643a4d2?source=tag_archive---------158----------------------------
9thWunder Magazine,A Worthwhile Walk to End Lupus: Reflecting on the Miami Event,,"Nov 5, 2023",https://medium.com/@9thwundermagazine/a-worthwhile-walk-to-end-lupus-reflecting-on-the-miami-event-857b21e74f59?source=tag_archive---------159----------------------------
Brandon Hunt,"History, rivalry, and stars: Dolphins vs Chiefs game has all the elements of a classic NFL match","As the Miami Dolphins and the Kansas City Chiefs gear up to face off in an upcoming football game, fans of both teams can‚Äôt help but feel‚Ä¶","Nov 5, 2023",https://medium.com/@ryuhoshi213/history-rivalry-and-stars-dolphins-vs-chiefs-game-has-all-the-elements-of-a-classic-nfl-match-72abe2028b41?source=tag_archive---------160----------------------------
Ruth Glendinning,2023: Following the Muses,Sharing the message from above,"Nov 5, 2023",https://medium.com/@guruth/2023-following-the-muses-5de74d34fc63?source=tag_archive---------161----------------------------
Kavinda Kusal,New York City Marathon,"The New York City Marathon, currently branded as the TCS New York City Marathon for sponsorship reasons, is an annual marathon (42.195 km‚Ä¶","Nov 5, 2023",https://medium.com/@nethu20041025/new-york-city-marathon-2aa159ff5ff4?source=tag_archive---------162----------------------------
kristen,What I actually want,"Journal Entry #1: Nov 5, 2023","Nov 5, 2023",https://medium.com/@kristeninchrist/what-i-actually-want-6c939654354e?source=tag_archive---------163----------------------------
Laura Bell,"Understanding the 2023 Earthquake: Causes, Impacts, and Precautionary Measures",Introduction:,"Nov 4, 2023",https://medium.com/@abhinabapatra32/understanding-the-2023-earthquake-causes-impacts-and-precautionary-measures-44517b1b88ff?source=tag_archive---------164----------------------------
Brian Larson,2023: A Year in Books,How do you measure a year? Sunsets? Midnights? Cups of coffee? ‚Ä¶ Books?,"Nov 4, 2023",https://medium.com/@larson1/2023-a-year-in-books-a64951e9eaf3?source=tag_archive---------165----------------------------
Ruth Glendinning,Rerooting the Honorable Harvest,Updating the math from 2019,"Nov 4, 2023",https://medium.com/@guruth/2023-why-the-rich-get-richer-473c20943d74?source=tag_archive---------166----------------------------
Ruth Glendinning,2023: Bringing Light,Wayward sparks illuminate the night,"Nov 4, 2023",https://medium.com/@guruth/2023-bringing-light-757511f7bf7e?source=tag_archive---------167----------------------------
John Mureithi Njuru,7 Absolute Best Emergency Loans for Bad Credit for October 2024,"Discover Top Emergency Loans for Bad Credit in October 2024. Our Expert Rankings Help You Secure Fast Funding, Competitive Rates, and‚Ä¶","Nov 4, 2023",https://medium.com/@johnmureithinjuru/7-absolute-best-emergency-loans-for-bad-credit-for-november-2023-f16f713a90b3?source=tag_archive---------168----------------------------
Aline Henda,There are 2 Months until the End of 2023. What Can You Do Now to Finish it Strong,8 easy ideas to make the most of your day,"Nov 3, 2023",https://medium.com/@alinehenda/there-are-2-months-until-the-end-of-2023-what-can-you-do-now-to-finish-it-strong-b2f39f1bbfad?source=tag_archive---------169----------------------------
Seth Warren,Advancements in Cycling Tech: Inside the 2023 Trend of Internal Cable Routing and Beyond,,"Nov 3, 2023",https://medium.com/@sethwarren089/advancements-in-cycling-tech-inside-the-2023-trend-of-internal-cable-routing-and-beyond-d712d4ac06e3?source=tag_archive---------170----------------------------
Bohemian,Glimmers of Your Lightness,"I look down on life with a hunger unsatisfied, but I can‚Äôt resist stealing glances at you.","Nov 2, 2023",https://medium.com/bohemian-poetry/glimmers-of-your-lightness-5f109d02baf5?source=tag_archive---------171----------------------------
Laura Bell,Mohammed Shami‚Äôs Fiery Performance at the 2023 Cricket World Cup,"The 2023 Cricket World Cup has been an exhilarating spectacle for lovers global, witnessing great knowledge and super performances on the‚Ä¶","Nov 2, 2023",https://medium.com/@abhinabapatra32/mohammed-shamis-fiery-performance-at-the-2023-cricket-world-cup-c6f57cbde3c0?source=tag_archive---------172----------------------------
StoryStudio Chicago,A Futile Push for Presence (Contest Winner),Prose by Eva M.,"Nov 2, 2023",https://medium.com/stella-nova/a-futile-push-for-presence-contest-winner-da37334c756c?source=tag_archive---------173----------------------------
StoryStudio Chicago,Red,Prose by Maddie R.,"Nov 2, 2023",https://medium.com/stella-nova/red-829888ba656e?source=tag_archive---------174----------------------------
StoryStudio Chicago,A Ritual,Prose by Milana B.,"Nov 2, 2023",https://medium.com/stella-nova/a-ritual-89274b13d959?source=tag_archive---------175----------------------------
Ruth Glendinning,2023: Entering Our Hearts,Inspiring our souls to rise ever higher,"Nov 2, 2023",https://medium.com/@guruth/2023-entering-our-hearts-f723969c7470?source=tag_archive---------176----------------------------
Cloud Coaching,A Media√ß√£o como Inova√ß√£o no Campo da Resolu√ß√£o de Conflitos,,"Nov 2, 2023",https://medium.com/@cloudcoachingbr/a-media%C3%A7%C3%A3o-como-inova%C3%A7%C3%A3o-no-campo-da-resolu%C3%A7%C3%A3o-de-conflitos-a7652951b54d?source=tag_archive---------177----------------------------
StoryStudio Chicago,Denial (Contest Winner),Prose by Maxwell M.,"Nov 2, 2023",https://medium.com/stella-nova/denial-contest-winner-95a23bb6327e?source=tag_archive---------178----------------------------
Cloud Coaching,"N√£o existe sustentabilidade, com pessoas adoecendo na empresa!",,"Nov 2, 2023",https://medium.com/@cloudcoachingbr/n%C3%A3o-existe-sustentabilidade-com-pessoas-adoecendo-na-empresa-c901d72fe433?source=tag_archive---------179----------------------------
Shahzad Hussain,What Is React Native? Complex Guide for 2023,React Native Development,"Nov 2, 2023",https://medium.com/@jasonroy50505/what-is-react-native-complex-guide-for-2023-3794983e69b3?source=tag_archive---------180----------------------------
Victor John Oh,NaNoWriMo Day 0,Project WA Writing Journal,"Nov 2, 2023",https://medium.com/@victorjohnoh/nanowrimo-day-0-98046a45d565?source=tag_archive---------181----------------------------
Bohemian,Between Vows and Pleads,Pain plants a time seed  inside true love lost to happiness and submissively engaged to man over waves that crest to purposely fall.,"Nov 1, 2023",https://medium.com/bohemian-poetry/between-vows-and-pleads-c1f673907056?source=tag_archive---------182----------------------------
StoryStudio Chicago,Memories of the Lost,Prose by Tessa M.,"Nov 1, 2023",https://medium.com/stella-nova/memories-of-the-lost-ee9f4766f62a?source=tag_archive---------183----------------------------
StoryStudio Chicago,Light in the Dark,Prose by Mina S.,"Nov 1, 2023",https://medium.com/stella-nova/light-in-the-dark-5977bbe9c9a9?source=tag_archive---------184----------------------------
YourPalTony,Top 5 Must Play Horror Games of 2023,"Greetings, lovers of horror! Do you want to play the spookiest games available in 2023? No need to search any further - I‚Äôve got you‚Ä¶","Nov 1, 2023",https://medium.com/@YourPalTony/top-5-must-play-horror-games-of-2023-d04ba3cb69a1?source=tag_archive---------185----------------------------
Nav Dhunay,"Software Engineering in 2024: Trends, Skills, and the Future You Need to Know","In my role, it‚Äôs imperative that I keep my finger on the pulse of technology trends and a keen eye on which direction the technology winds‚Ä¶","Nov 1, 2023",https://medium.com/nav-dhunay/software-engineering-in-2024-trends-skills-and-the-future-you-need-to-know-3c788f84b247?source=tag_archive---------186----------------------------
Ruth Glendinning,2023: Expanding Oh So Fast,"Without the leap, there is no ever after","Nov 1, 2023",https://medium.com/@guruth/2023-expanding-oh-so-fast-e341174bf087?source=tag_archive---------187----------------------------
Rae,Halloween 2023 Photos,My Halloween 2023 Photos,"Nov 1, 2023",https://medium.com/@rachaelsonlineblog/halloween-2023-photos-f4d1e61615d6?source=tag_archive---------188----------------------------
Ruth Glendinning,2023: Spoken Into Being,Sending ideas out into the world,"Nov 1, 2023",https://medium.com/@guruth/2023-spoken-into-being-380d84ac5fb7?source=tag_archive---------189----------------------------
Appinventiv Insider,"Top Healthcare IT Consulting Companies, 2023","The healthcare industry is rapidly evolving, with new technologies and regulations constantly shaping the way healthcare organizations‚Ä¶","Nov 1, 2023",https://medium.com/@appinventivinsider/top-healthcare-it-consulting-companies-2023-cc98a419eca4?source=tag_archive---------190----------------------------
Gregor Wills,Allianz X Invests in NEXT Insurance‚Äôs USD 265 Million Financing Round and Expands Strategic‚Ä¶,Funding will be used to accelerate NEXT‚Äôs path to profitability and expand its market reach,"Nov 1, 2023",https://medium.com/allianz-x/allianz-x-invests-in-next-insurances-usd-265-million-financing-round-and-expands-strategic-e86972ae4a46?source=tag_archive---------191----------------------------
LumiWave,[DEV NOTE] ONBUFF Monthly Development Update: October,Greetings ONBUFFers!,Jun 26,https://medium.com/lumiwave/onbuff-monthly-development-update-october-ae2c4ec94ea2?source=tag_archive---------192----------------------------
Gabriel De Menezes Sedlak,Riding the Wave: Unpacking the Bitcoin Bull Market of 2023,"The financial domain is no stranger to the ebbs and flows of market trends, where bull and bear markets paint a vivid picture of economic‚Ä¶","Nov 1, 2023",https://medium.com/@GabrielDeMenezesSedlak/riding-the-wave-unpacking-the-bitcoin-bull-market-of-2023-bf518db0bcdd?source=tag_archive---------193----------------------------
